{
  "state_q01": [
    -0.07900000363588333,
    0.0
  ],
  "state_q99": [
    0.20000000298023224,
    0.20000000298023224
  ],
  "action_q01": [
    -0.10000000149011612,
    0.0,
    0.0
  ],
  "action_q99": [
    0.20000000298023224,
    0.20000000298023224,
    0.0
  ],
  "latent": [
    0.00016814674017950892,
    -8.120795246213675e-05,
    -0.0003943211631849408,
    -8.232036634581164e-05,
    -0.0003740649262908846,
    0.00015579290629830211,
    8.620371227152646e-05,
    0.0006448877393268049,
    0.00011438803630881011,
    -8.297677413793281e-05,
    0.00043470587115734816,
    -0.0001470300485379994,
    -2.3484974008169957e-05,
    -0.00010594771447358653,
    -0.0004884920781478286,
    0.0003879714640788734,
    6.750950706191361e-05,
    -0.00026299533783458173,
    0.0004192920750938356,
    0.0004105436964891851,
    -0.00017170618230011314,
    -0.0002480412076693028,
    -0.00012246417463757098,
    -0.0003779703692998737,
    -0.0004903998924419284,
    -0.00017648334323894233,
    4.4225533201824874e-05,
    -0.00027799117378890514,
    0.00026265368796885014,
    0.000192131832591258,
    0.000286958587821573,
    -0.0003839213459286839
  ],
  "action_chunk_size": 8,
  "action_dim": 3,
  "state_dim": 2,
  "latent_dim": 32,
  "image_mean": [
    0.485,
    0.456,
    0.406
  ],
  "image_std": [
    0.229,
    0.224,
    0.225
  ]
}